stock_id,name,eps_Y,eps_ttm,rev,rev_mom,rev_qoq,rev_yoy,gross_margin,gross_margin_qoq,gross_margin_yoy_diff,operating_margin,operating_margin_qoq,operating_margin_yoy_diff,net_margin,net_margin_qoq,net_margin_yoy_diff,per_latest,per_60d_high,per_60d_low,pbr_latest,pbr_60d_high,pbr_60d_low,period_start,period_end,eps_Y_is_prev,eps_ttm_is_prev,gross_margin_is_prev,operating_margin_is_prev,net_margin_is_prev,per_latest_is_prev,pbr_latest_is_prev,static_updated_at,static_status,static_reason,eps_status,eps_reason,revenue_status,revenue_reason,profit_status,profit_reason,valuation_status,valuation_reason,finmind_token_status,finmind_token_source,finmind_token_masked,finmind_user_count,finmind_api_request_limit,finmind_remain,finmind_usage_checked_at
1476,儒鴻,6.69,20.67,3.26,-9.32,-8.87,-3.74,32.17,1.98,1.97,22.81,3.65,1.74,19.07,1.99,1.16,16.47,17.61,15.48,3.4,3.48,2.94,,,False,False,False,False,False,False,False,2026-05-28 13:32:00,ok,,ok,,ok,,ok,,ok,,ok,FINMIND_TOKEN,eyJ0...E3S4,620,6000,5380,2026-05-28 13:32:04
1503,士電,2.79,6.72,3.4,-19.52,-24.08,32.53,23.77,6.57,0.21,16.05,9.02,-0.06,13.11,8.53,0.95,32.19,32.94,26.97,2.96,3.03,2.48,,,False,False,False,False,False,False,False,2026-05-28 13:32:04,ok,,ok,,ok,,ok,,ok,,ok,FINMIND_TOKEN,eyJ0...E3S4,620,6000,5380,2026-05-28 13:32:07
1513,中興電,1.94,8.23,2.31,-6.87,8.16,5.86,25.98,-1.02,0.55,18.54,0.95,-0.2,14.79,0.29,1.18,20.11,20.53,17.72,3.8,3.88,3.41,,,False,False,False,False,False,False,False,2026-05-28 13:32:07,ok,,ok,,ok,,ok,,ok,,ok,FINMIND_TOKEN,eyJ0...E3S4,620,6000,5380,2026-05-28 13:32:10
1514,亞力,0.73,3.44,0.86,7.89,-11.15,40.12,17.54,-2.52,-1.15,8.36,-3.43,-0.86,7.93,-1.72,-0.25,36.59,38.33,30.3,5.2,5.41,4.28,,,False,False,False,False,False,False,False,2026-05-28 13:32:11,ok,,ok,,ok,,ok,,ok,,ok,FINMIND_TOKEN,eyJ0...E3S4,620,6000,5380,2026-05-28 13:32:14
1519,華城,3.29,14.55,2.25,10.43,65.76,6.38,43.61,1.41,7.76,21.2,1.98,-0.68,21.36,0.89,2.08,58.14,65.83,52.92,32.44,33.67,23.43,,,False,False,False,False,False,False,False,2026-05-28 13:32:14,ok,,ok,,ok,,ok,,ok,,ok,FINMIND_TOKEN,eyJ0...E3S4,620,6000,5380,2026-05-28 13:32:17
1560,中砂,2.94,10.26,0.83,5.22,10.28,18.82,35.0,0.82,4.09,19.38,3.89,3.49,19.28,-3.61,3.0,70.71,73.18,46.05,12.96,13.42,7.69,,,False,False,False,False,False,False,False,2026-05-28 13:32:17,ok,,ok,,ok,,ok,,ok,,ok,FINMIND_TOKEN,eyJ0...E3S4,620,6000,5380,2026-05-28 13:32:20
1597,直得,0.43,1.19,0.15,27.72,43.0,70.97,41.76,2.93,-2.67,13.25,4.09,4.49,11.34,0.74,5.96,151.68,195.6,92.86,6.58,8.05,3.06,,,False,False,False,False,False,False,False,2026-05-28 13:32:20,ok,,ok,,ok,,ok,,ok,,ok,FINMIND_TOKEN,eyJ0...E3S4,620,6000,5380,2026-05-28 13:32:24
1727,中華化,0.28,0.37,0.19,-19.36,57.02,12.07,17.95,6.1,8.71,8.31,8.39,10.11,6.91,6.59,8.34,254.59,2080.0,214.86,5.71,6.34,2.88,,,False,False,False,False,False,False,False,2026-05-28 13:32:24,ok,,ok,,ok,,ok,,ok,,ok,FINMIND_TOKEN,eyJ0...E3S4,620,6000,5380,2026-05-28 13:32:28
1760,寶齡富錦,0.6,2.49,0.14,-3.47,5.73,6.98,51.87,-0.48,-2.55,16.03,2.78,4.27,9.96,1.06,4.1,23.98,31.44,23.98,2.79,3.06,2.73,,,False,False,False,False,False,False,False,2026-05-28 13:32:28,ok,,ok,,ok,,ok,,ok,,ok,FINMIND_TOKEN,eyJ0...E3S4,620,6000,5380,2026-05-28 13:32:31
1802,台玻,0.2,0.13,3.93,-5.03,7.14,6.46,19.23,5.56,8.28,7.88,3.09,9.57,5.71,2.37,9.95,541.54,568.46,0.0,4.12,4.53,3.17,,,False,False,False,False,False,False,False,2026-05-28 13:32:31,ok,,ok,,ok,,ok,,ok,,ok,FINMIND_TOKEN,eyJ0...E3S4,620,6000,5380,2026-05-28 13:32:34
2049,上銀,1.64,4.58,2.47,4.96,15.08,20.69,31.94,4.89,2.1,9.88,5.03,2.71,8.61,2.03,0.77,84.53,89.22,52.9,3.66,3.86,2.16,,,False,False,False,False,False,False,False,2026-05-28 13:32:34,ok,,ok,,ok,,ok,,ok,,ok,FINMIND_TOKEN,eyJ0...E3S4,620,6000,5380,2026-05-28 13:32:37
2233,宇隆,1.59,6.26,0.3,-1.76,9.36,8.32,27.59,-3.04,-2.71,10.49,-0.35,-2.9,13.22,0.16,-0.52,56.06,60.85,31.72,5.3,5.75,3.23,,,False,False,False,False,False,False,False,2026-05-28 13:32:37,ok,,ok,,ok,,ok,,ok,,ok,FINMIND_TOKEN,eyJ0...E3S4,620,6000,5380,2026-05-28 13:32:41
2301,光寶科,1.66,6.8,16.69,1.28,18.3,24.51,21.66,-0.06,-0.92,9.44,-1.05,-0.65,8.7,0.0,-0.79,33.9,36.18,21.1,5.94,6.34,3.55,,,False,False,False,False,False,False,False,2026-05-28 13:32:41,ok,,ok,,ok,,ok,,ok,,ok,FINMIND_TOKEN,eyJ0...E3S4,620,6000,5380,2026-05-28 13:32:45
2308,台達電,7.91,27.11,58.69,-1.82,18.15,43.92,37.0,2.41,5.22,17.83,1.48,6.03,14.96,2.81,4.83,88.13,93.56,59.64,20.72,21.85,13.37,,,False,False,False,False,False,False,False,2026-05-28 13:32:45,ok,,ok,,ok,,ok,,ok,,ok,FINMIND_TOKEN,eyJ0...E3S4,620,6000,5380,2026-05-28 13:32:48
2313,華通,1.26,5.67,6.32,-9.04,-14.7,-2.86,17.98,-0.72,0.81,9.92,-1.05,1.11,7.69,-3.1,-0.16,45.68,52.65,38.93,6.59,7.59,5.34,,,False,False,False,False,False,False,False,2026-05-28 13:32:48,ok,,ok,,ok,,ok,,ok,,ok,FINMIND_TOKEN,eyJ0...E3S4,620,6000,5380,2026-05-28 13:32:51
2327,國巨*,3.9,20.03,14.04,3.0,7.74,22.04,38.1,0.8,2.46,25.19,0.91,4.41,21.06,2.14,3.17,58.43,58.43,21.19,9.14,9.14,2.93,2026-05-26,2026-06-08,False,False,False,False,False,False,False,2026-05-28 13:32:51,ok,,ok,,ok,,ok,,ok,,ok,FINMIND_TOKEN,eyJ0...E3S4,620,6000,5380,2026-05-28 13:32:54
2360,致茂,9.12,31.77,4.87,11.44,27.17,128.89,62.6,1.8,2.17,40.45,5.63,8.93,33.29,2.42,1.89,81.05,88.41,53.08,39.25,40.09,19.46,,,False,False,False,False,False,False,False,2026-05-28 13:32:54,ok,,ok,,ok,,ok,,ok,,ok,FINMIND_TOKEN,eyJ0...E3S4,620,6000,5380,2026-05-28 13:32:57
2368,金像電,6.87,22.7,7.29,-1.29,21.18,58.41,34.81,1.15,3.51,26.85,2.55,5.77,18.04,0.18,3.51,58.92,77.85,45.24,19.14,22.34,12.98,,,False,False,False,False,False,False,False,2026-05-28 13:32:57,ok,,ok,,ok,,ok,,ok,,ok,FINMIND_TOKEN,eyJ0...E3S4,620,6000,5380,2026-05-28 13:33:00
2382,廣達,5.5,19.88,339.92,-6.31,47.26,120.71,4.78,-1.55,-3.14,2.85,-0.91,-2.22,2.63,-0.87,-1.43,15.51,17.81,14.32,5.73,6.21,4.41,,,False,False,False,False,False,False,False,2026-05-28 13:33:00,ok,,ok,,ok,,ok,,ok,,ok,FINMIND_TOKEN,eyJ0...E3S4,620,6000,5380,2026-05-28 13:33:03
2383,台光電,14.9,46.55,13.92,15.93,28.18,93.62,29.42,0.84,-0.98,21.56,1.76,0.62,16.15,1.16,0.16,109.65,119.41,63.6,37.78,41.14,18.46,,,False,False,False,False,False,False,False,2026-05-28 13:33:03,ok,,ok,,ok,,ok,,ok,,ok,FINMIND_TOKEN,eyJ0...E3S4,620,6000,5380,2026-05-28 13:33:06
2402,毅嘉,0.07,1.96,1.07,5.38,9.98,15.19,12.82,-6.98,-4.91,2.87,-6.11,-4.75,0.73,-6.15,-6.45,33.9,35.95,20.06,2.86,3.23,2.04,,,False,False,False,False,False,False,False,2026-05-28 13:33:06,ok,,ok,,ok,,ok,,ok,,ok,FINMIND_TOKEN,eyJ0...E3S4,620,6000,5380,2026-05-28 13:33:09
2404,漢唐,16.31,53.84,8.11,5.39,34.55,102.23,23.32,6.13,0.11,19.57,5.69,0.53,15.22,2.35,-2.28,21.56,23.51,17.07,15.23,16.61,8.31,,,False,False,False,False,False,False,False,2026-05-28 13:33:09,ok,,ok,,ok,,ok,,ok,,ok,FINMIND_TOKEN,eyJ0...E3S4,620,6000,5380,2026-05-28 13:33:12
2449,京元電子,1.87,7.37,3.74,4.03,11.08,34.56,39.74,2.08,6.24,27.2,-1.01,6.39,22.43,-0.13,-36.79,43.42,45.93,28.75,7.19,8.58,6.23,,,False,False,False,False,False,False,False,2026-05-28 13:33:12,ok,,ok,,ok,,ok,,ok,,ok,FINMIND_TOKEN,eyJ0...E3S4,620,6000,5380,2026-05-28 13:33:15
2454,聯發科,15.17,62.91,46.74,-26.07,-0.51,-4.14,46.3,0.17,-1.84,15.35,0.8,-4.25,16.34,0.98,-2.92,70.28,73.94,22.2,18.04,18.98,5.84,,,False,False,False,False,False,False,False,2026-05-28 13:33:15,ok,,ok,,ok,,ok,,ok,,ok,FINMIND_TOKEN,eyJ0...E3S4,620,6000,5380,2026-05-28 13:33:18
2455,全新,1.06,3.17,0.32,2.36,-6.38,37.75,38.09,0.82,-1.81,23.63,1.85,1.08,20.34,0.14,0.52,123.5,140.06,83.28,19.74,22.39,13.83,2026-05-27,2026-06-09,False,False,False,False,False,False,False,2026-05-28 13:33:18,ok,,ok,,ok,,ok,,ok,,ok,FINMIND_TOKEN,eyJ0...E3S4,620,6000,5380,2026-05-28 13:33:21
2467,志聖,3.06,7.55,0.89,-0.26,-10.31,86.98,49.47,5.37,6.45,24.37,8.51,10.59,21.33,4.88,8.96,82.05,111.74,71.41,11.57,14.18,9.13,,,False,False,False,False,False,False,False,2026-05-28 13:33:21,ok,,ok,,ok,,ok,,ok,,ok,FINMIND_TOKEN,eyJ0...E3S4,620,6000,5380,2026-05-28 13:33:24
2481,強茂,0.75,3.14,1.3,4.44,4.35,8.76,32.74,0.07,2.41,6.5,-1.31,-1.02,9.04,-3.11,-1.13,46.98,46.98,27.69,3.9,3.9,2.25,,,False,False,False,False,False,False,False,2026-05-28 13:33:24,ok,,ok,,ok,,ok,,ok,,ok,FINMIND_TOKEN,eyJ0...E3S4,620,6000,5380,2026-05-28 13:33:27
2486,一詮,0.29,0.52,0.67,8.52,19.43,21.16,21.05,5.19,6.54,6.99,5.64,6.21,3.81,2.4,3.34,511.76,1395.45,488.24,11.58,13.73,5.93,,,False,False,False,False,False,False,False,2026-05-28 13:33:27,ok,,ok,,ok,,ok,,ok,,ok,FINMIND_TOKEN,eyJ0...E3S4,620,6000,5380,2026-05-28 13:33:30
2912,統一超,2.97,10.96,29.91,0.51,-2.65,4.88,34.58,0.51,0.63,4.26,1.31,-0.02,4.03,0.82,0.01,18.87,22.12,18.82,4.63,5.83,4.62,,,False,False,False,False,False,False,False,2026-05-28 13:33:31,ok,,ok,,ok,,ok,,ok,,ok,FINMIND_TOKEN,eyJ0...E3S4,620,6000,5380,2026-05-28 13:33:33
3008,大立光,46.63,157.76,5.36,-1.06,-2.48,22.57,49.41,1.44,-5.22,37.39,0.64,-4.36,39.73,0.23,-5.15,21.38,24.0,13.36,2.43,2.72,1.5,2026-05-20,2026-06-02,False,False,False,False,False,False,False,2026-05-28 13:33:34,ok,,ok,,ok,,ok,,ok,,ok,FINMIND_TOKEN,eyJ0...E3S4,620,6000,5380,2026-05-28 13:33:36
3013,晟銘電,1.37,4.56,1.32,12.2,7.5,40.66,21.15,-0.05,4.79,13.33,-1.0,5.04,9.6,-1.07,2.43,25.77,30.02,21.6,4.38,4.77,3.67,,,False,False,False,False,False,False,False,2026-05-28 13:33:37,ok,,ok,,ok,,ok,,ok,,ok,FINMIND_TOKEN,eyJ0...E3S4,620,6000,5380,2026-05-28 13:33:40
3017,奇鋐,20.17,61.06,15.63,-13.24,-8.07,71.62,29.77,3.38,3.94,24.51,3.55,5.82,17.69,2.5,2.65,42.39,60.2,38.45,22.42,25.89,17.5,,,False,False,False,False,False,False,False,2026-05-28 13:33:40,ok,,ok,,ok,,ok,,ok,,ok,FINMIND_TOKEN,eyJ0...E3S4,620,6000,5380,2026-05-28 13:33:44
3023,信邦,3.6,12.77,2.96,1.85,5.43,14.97,24.51,0.87,0.0,11.53,2.38,-1.5,10.4,1.28,-0.9,23.69,24.75,19.28,4.15,4.33,3.72,,,False,False,False,False,False,False,False,2026-05-28 13:33:44,ok,,ok,,ok,,ok,,ok,,ok,FINMIND_TOKEN,eyJ0...E3S4,620,6000,5380,2026-05-28 13:33:47
3035,智原,0.4,1.88,0.97,-9.33,23.18,-43.12,47.3,5.14,27.02,3.7,0.84,-1.26,5.22,-2.68,0.49,110.9,116.22,49.47,3.98,4.17,2.77,,,False,False,False,False,False,False,False,2026-05-28 13:33:47,ok,,ok,,ok,,ok,,ok,,ok,FINMIND_TOKEN,eyJ0...E3S4,620,6000,5380,2026-05-28 13:33:50
3037,欣興,3.28,7.06,13.93,6.53,9.13,27.64,17.96,2.19,4.58,7.36,0.54,3.15,14.37,3.08,11.3,150.74,194.21,102.89,14.36,15.2,6.82,,,False,False,False,False,False,False,False,2026-05-28 13:33:50,ok,,ok,,ok,,ok,,ok,,ok,FINMIND_TOKEN,eyJ0...E3S4,620,6000,5380,2026-05-28 13:33:52
3042,晶技,1.32,5.22,1.29,16.28,5.92,1.42,32.33,0.15,-3.06,15.08,1.01,-1.2,13.5,-0.11,-1.36,41.51,41.51,17.01,4.89,4.89,1.93,,,False,False,False,False,False,False,False,2026-05-28 13:33:53,ok,,ok,,ok,,ok,,ok,,ok,FINMIND_TOKEN,eyJ0...E3S4,620,6000,5380,2026-05-28 13:33:55
3044,健鼎,5.61,20.58,8.2,12.07,5.84,28.9,26.51,1.04,1.54,18.34,1.26,1.69,14.05,1.03,0.3,23.98,25.71,17.4,4.45,4.86,3.29,,,False,False,False,False,False,False,False,2026-05-28 13:33:56,ok,,ok,,ok,,ok,,ok,,ok,FINMIND_TOKEN,eyJ0...E3S4,620,6000,5380,2026-05-28 13:33:58
3081,聯亞,3.44,7.64,0.4,15.16,46.01,115.38,54.76,6.09,22.41,41.27,8.48,31.42,35.11,5.48,25.81,348.23,629.83,321.29,57.84,68.97,34.78,,,False,False,False,False,False,False,False,2026-05-28 13:33:59,ok,,ok,,ok,,ok,,ok,,ok,FINMIND_TOKEN,eyJ0...E3S4,620,6000,5380,2026-05-28 13:34:01
3131,弘塑,16.11,52.85,0.54,9.73,1.83,-4.36,33.78,-8.32,-7.03,13.15,-16.41,-9.16,28.87,2.74,8.32,69.19,76.63,49.11,26.49,26.49,16.67,,,False,False,False,False,False,False,False,2026-05-28 13:34:01,ok,,ok,,ok,,ok,,ok,,ok,FINMIND_TOKEN,eyJ0...E3S4,620,6000,5380,2026-05-28 13:34:04
3163,波若威,3.03,8.64,0.2,-19.53,-15.15,16.5,18.86,0.6,1.06,5.32,0.29,0.67,37.15,-0.42,27.76,121.53,208.2,104.17,26.49,33.94,20.65,,,False,False,False,False,False,False,False,2026-05-28 13:34:04,ok,,ok,,ok,,ok,,ok,,ok,FINMIND_TOKEN,eyJ0...E3S4,620,6000,5380,2026-05-28 13:34:07
3167,大量,3.19,10.3,0.86,11.53,43.41,114.23,42.34,0.22,8.06,21.03,2.79,9.62,14.49,-0.76,3.83,77.49,106.3,45.49,19.66,22.27,9.53,2026-05-26,2026-06-08,False,False,False,False,False,False,False,2026-05-28 13:34:07,ok,,ok,,ok,,ok,,ok,,ok,FINMIND_TOKEN,eyJ0...E3S4,620,6000,5380,2026-05-28 13:34:10
3189,景碩,1.17,4.07,4.07,3.38,2.81,26.75,21.16,-0.98,-1.36,8.02,-0.5,2.21,7.89,-0.79,0.79,191.83,197.75,89.68,8.32,8.57,4.37,2026-05-28,2026-06-10,False,False,False,False,False,False,False,2026-05-28 13:34:11,ok,,ok,,ok,,ok,,ok,,ok,FINMIND_TOKEN,eyJ0...E3S4,620,6000,5380,2026-05-28 13:34:13
3231,緯創,3.06,10.23,283.44,-14.89,24.11,111.99,5.21,-0.41,-2.6,3.44,-0.09,-0.93,2.13,-0.14,-1.09,14.49,17.0,13.29,2.42,2.62,2.19,,,False,False,False,False,False,False,False,2026-05-28 13:34:13,ok,,ok,,ok,,ok,,ok,,ok,FINMIND_TOKEN,eyJ0...E3S4,620,6000,5380,2026-05-28 13:34:16
3234,光環,-0.32,-1.79,0.06,-2.73,-7.77,12.18,9.79,1.41,-19.72,-21.81,10.64,-23.82,-19.91,10.11,-22.96,0.0,0.0,0.0,15.43,18.61,12.36,,,False,False,False,False,False,False,False,2026-05-28 13:34:16,ok,,ok,,ok,,ok,,ok,,ok,FINMIND_TOKEN,eyJ0...E3S4,620,6000,5380,2026-05-28 13:34:19
3289,宜特,2.05,5.16,0.37,6.12,-7.19,-3.8,17.27,-8.33,-13.91,-6.84,-11.33,-17.63,15.71,11.87,5.38,34.27,43.76,26.61,3.0,3.9,2.37,,,False,False,False,False,False,False,False,2026-05-28 13:34:19,ok,,ok,,ok,,ok,,ok,,ok,FINMIND_TOKEN,eyJ0...E3S4,620,6000,5380,2026-05-28 13:34:22
3324,雙鴻,12.61,35.15,2.84,-14.62,-6.56,40.9,29.66,3.29,2.3,17.77,3.7,5.01,14.8,1.97,2.81,29.0,42.99,27.1,6.97,10.12,6.51,,,False,False,False,False,False,False,False,2026-05-28 13:34:22,ok,,ok,,ok,,ok,,ok,,ok,FINMIND_TOKEN,eyJ0...E3S4,620,6000,5380,2026-05-28 13:34:25
3363,上詮,-0.98,-0.83,0.13,9.1,-6.39,-37.3,1.88,-10.55,-15.27,-40.86,-31.71,-39.2,-28.02,-22.3,-28.29,0.0,6187.5,0.0,16.15,40.24,15.36,,,False,False,False,False,False,False,False,2026-05-28 13:34:25,ok,,ok,,ok,,ok,,ok,,ok,FINMIND_TOKEN,eyJ0...E3S4,620,6000,5380,2026-05-28 13:34:28
3374,精材,1.42,5.15,0.72,3.48,11.13,25.64,29.66,-3.16,-0.07,23.62,-3.69,1.51,20.09,-4.79,-2.06,49.61,54.09,30.76,6.82,7.44,4.27,,,False,False,False,False,False,False,False,2026-05-28 13:34:28,ok,,ok,,ok,,ok,,ok,,ok,FINMIND_TOKEN,eyJ0...E3S4,620,6000,5380,2026-05-28 13:34:31
3443,創意,12.28,33.24,4.29,11.23,1.37,156.85,27.2,8.16,-0.89,15.93,5.8,0.34,14.38,5.03,0.69,138.09,172.38,76.96,42.18,52.65,22.47,,,False,False,False,False,False,False,False,2026-05-28 13:34:31,ok,,ok,,ok,,ok,,ok,,ok,FINMIND_TOKEN,eyJ0...E3S4,620,6000,5380,2026-05-28 13:34:34
3450,聯鈞,0.69,3.36,0.88,20.62,16.8,45.5,24.8,-1.87,-11.36,12.75,-2.87,-11.33,8.6,-7.54,-12.28,143.15,157.74,48.1,13.44,14.8,6.93,,,False,False,False,False,False,False,False,2026-05-28 13:34:34,ok,,ok,,ok,,ok,,ok,,ok,FINMIND_TOKEN,eyJ0...E3S4,620,6000,5380,2026-05-28 13:34:37
3491,昇達科,3.68,9.31,0.35,6.17,-5.51,83.99,57.98,-0.59,7.41,30.74,3.17,3.85,24.81,-1.09,1.72,218.82,232.44,181.99,39.49,41.27,27.1,2026-05-26,2026-06-08,False,False,False,False,False,False,False,2026-05-28 13:34:37,ok,,ok,,ok,,ok,,ok,,ok,FINMIND_TOKEN,eyJ0...E3S4,620,6000,5380,2026-05-28 13:34:40
3529,力旺,7.98,27.4,0.61,406.0,-8.08,12.93,100.0,0.0,0.0,60.55,-0.09,3.26,56.28,1.11,6.49,126.64,171.88,102.73,58.39,85.54,51.13,,,False,False,False,False,False,False,False,2026-05-28 13:34:40,ok,,ok,,ok,,ok,,ok,,ok,FINMIND_TOKEN,eyJ0...E3S4,620,6000,5380,2026-05-28 13:34:43
3563,牧德,4.61,15.18,0.34,1.4,42.99,3.75,60.58,0.72,-3.77,38.68,8.84,-0.97,34.32,-5.43,-3.95,52.11,60.57,48.1,10.02,11.45,8.56,,,False,False,False,False,False,False,False,2026-05-28 13:34:43,ok,,ok,,ok,,ok,,ok,,ok,FINMIND_TOKEN,eyJ0...E3S4,620,6000,5380,2026-05-28 13:34:46
3583,辛耘,4.14,14.76,0.99,-6.11,-2.8,10.8,33.58,-3.53,1.86,12.95,-2.19,0.55,10.99,-1.21,1.41,59.46,65.49,32.81,9.23,11.84,6.01,,,False,False,False,False,False,False,False,2026-05-28 13:34:46,ok,,ok,,ok,,ok,,ok,,ok,FINMIND_TOKEN,eyJ0...E3S4,620,6000,5380,2026-05-28 13:34:49
3587,閎康,2.24,7.57,0.54,0.48,18.9,22.53,30.89,0.87,6.61,12.7,2.25,6.22,10.53,2.17,6.46,43.87,60.49,35.25,4.35,5.22,2.96,,,False,False,False,False,False,False,False,2026-05-28 13:34:49,ok,,ok,,ok,,ok,,ok,,ok,FINMIND_TOKEN,eyJ0...E3S4,620,6000,5380,2026-05-28 13:34:52
3605,宏致,0.67,3.65,1.12,14.55,6.26,16.51,24.59,-2.06,-0.1,5.23,0.17,0.67,3.82,-1.13,-4.01,22.63,24.08,13.49,1.61,1.88,1.13,,,False,False,False,False,False,False,False,2026-05-28 13:34:52,ok,,ok,,ok,,ok,,ok,,ok,FINMIND_TOKEN,eyJ0...E3S4,620,6000,5380,2026-05-28 13:34:55
3645,達邁,0.67,1.9,0.24,3.56,36.71,16.43,35.12,3.79,12.86,18.83,6.65,10.97,15.52,1.52,8.43,54.74,74.84,45.42,4.19,4.75,2.88,,,False,False,False,False,False,False,False,2026-05-28 13:34:55,ok,,ok,,ok,,ok,,ok,,ok,FINMIND_TOKEN,eyJ0...E3S4,620,6000,5380,2026-05-28 13:34:58
3653,健策,9.53,36.7,2.31,6.82,23.39,26.92,41.78,0.53,-3.13,31.98,0.72,-3.08,26.47,-0.8,-2.46,96.82,151.42,83.82,24.24,34.98,20.99,,,False,False,False,False,False,False,False,2026-05-28 13:34:58,ok,,ok,,ok,,ok,,ok,,ok,FINMIND_TOKEN,eyJ0...E3S4,620,6000,5380,2026-05-28 13:35:01
3661,世芯-KY,17.55,68.61,2.13,10.32,48.9,-32.31,50.18,7.93,27.02,32.66,6.96,18.41,34.09,2.64,20.15,63.02,78.78,36.08,8.12,10.16,4.95,,,False,False,False,False,False,False,False,2026-05-28 13:35:01,ok,,ok,,ok,,ok,,ok,,ok,FINMIND_TOKEN,eyJ0...E3S4,620,6000,5380,2026-05-28 13:35:04
3665,貿聯-KY,11.66,49.79,7.38,5.26,-0.98,18.54,28.77,-3.16,-1.61,14.9,-3.47,0.26,10.9,-2.95,0.9,42.68,63.66,37.68,8.85,12.29,7.28,2026-05-20,2026-06-02,False,False,False,False,False,False,False,2026-05-28 13:35:04,ok,,ok,,ok,,ok,,ok,,ok,FINMIND_TOKEN,eyJ0...E3S4,620,6000,5380,2026-05-28 13:35:07
3680,家登,2.55,9.78,0.89,34.13,39.75,52.74,42.63,-0.65,-1.12,15.63,-1.84,-2.05,14.91,-8.74,2.02,54.7,65.32,39.77,4.58,6.07,3.7,,,False,False,False,False,False,False,False,2026-05-28 13:35:07,ok,,ok,,ok,,ok,,ok,,ok,FINMIND_TOKEN,eyJ0...E3S4,620,6000,5380,2026-05-28 13:35:10
3701,大眾控,-0.59,-1.64,0.75,5.11,-3.57,-29.99,14.28,-0.75,-1.88,-5.38,2.79,-6.32,-7.83,10.2,-13.8,0.0,58.53,0.0,2.55,3.89,2.5,,,False,False,False,False,False,False,False,2026-05-28 13:35:10,ok,,ok,,ok,,ok,,ok,,ok,FINMIND_TOKEN,eyJ0...E3S4,620,6000,5380,2026-05-28 13:35:13
3711,日月光投控,3.24,10.86,62.25,1.09,3.76,19.22,20.07,0.55,3.27,10.1,0.16,3.57,8.39,-0.05,3.13,58.22,59.61,35.36,7.85,8.04,4.14,,,False,False,False,False,False,False,False,2026-05-28 13:35:13,ok,,ok,,ok,,ok,,ok,,ok,FINMIND_TOKEN,eyJ0...E3S4,620,6000,5380,2026-05-28 13:35:16
3715,定穎投控,-0.74,1.0,2.07,-4.11,10.97,31.22,16.12,-1.64,-2.87,2.32,-1.1,-3.5,-4.49,-6.2,-10.48,176.29,191.75,65.15,4.51,5.2,4.25,,,False,False,False,False,False,False,False,2026-05-28 13:35:16,ok,,ok,,ok,,ok,,ok,,ok,FINMIND_TOKEN,eyJ0...E3S4,620,6000,5380,2026-05-28 13:35:19
4746,台耀,0.16,2.84,0.33,-27.51,-11.93,-25.72,42.98,1.39,0.93,14.17,-7.2,-2.75,1.41,-8.26,-7.41,17.84,19.08,13.95,0.78,0.87,0.78,,,False,False,False,False,False,False,False,2026-05-28 13:35:19,ok,,ok,,ok,,ok,,ok,,ok,FINMIND_TOKEN,eyJ0...E3S4,620,6000,5380,2026-05-28 13:35:22
4749,新應材,3.66,12.7,0.35,-18.55,-3.9,-12.39,45.41,1.39,6.36,27.07,3.73,7.12,27.2,3.03,5.55,85.96,103.71,70.43,11.3,12.13,8.01,,,False,False,False,False,False,False,False,2026-05-28 13:35:22,ok,,ok,,ok,,ok,,ok,,ok,FINMIND_TOKEN,eyJ0...E3S4,620,6000,5380,2026-05-28 13:35:25
4772,台特化,1.33,4.84,0.29,1.97,-1.06,210.12,50.96,2.04,-7.24,40.24,1.76,-9.33,31.13,-1.38,-15.65,61.9,77.86,59.94,12.7,13.66,10.92,,,False,False,False,False,False,False,False,2026-05-28 13:35:25,ok,,ok,,ok,,ok,,ok,,ok,FINMIND_TOKEN,eyJ0...E3S4,620,6000,5380,2026-05-28 13:35:28
4958,臻鼎-KY,1.33,7.54,15.2,-1.6,12.03,11.83,21.64,-0.92,6.96,6.15,-4.26,3.52,5.03,-3.06,2.47,68.55,76.16,32.52,4.14,4.6,1.78,2026-05-28,2026-06-10,False,False,False,False,False,False,False,2026-05-28 13:35:28,ok,,ok,,ok,,ok,,ok,,ok,FINMIND_TOKEN,eyJ0...E3S4,620,6000,5380,2026-05-28 13:35:31
4971,IET-KY,1.97,5.12,0.11,-2.87,-4.64,25.24,47.84,7.32,13.16,29.07,5.91,13.37,23.69,4.36,45.77,139.69,528.48,126.72,13.58,17.29,11.18,2026-05-19,2026-06-01,False,False,False,False,False,False,False,2026-05-28 13:35:31,ok,,ok,,ok,,ok,,ok,,ok,FINMIND_TOKEN,eyJ0...E3S4,620,6000,5380,2026-05-28 13:35:34
4977,眾達-KY,-1.18,4.61,0.06,-33.5,76.9,-43.18,19.73,-6.21,-3.99,-3.99,-10.53,-8.43,-45.15,-74.84,-7.58,46.67,61.2,40.05,4.34,5.38,3.52,,,False,False,False,False,False,False,False,2026-05-28 13:35:34,ok,,ok,,ok,,ok,,ok,,ok,FINMIND_TOKEN,eyJ0...E3S4,620,6000,5380,2026-05-28 13:35:37
4979,華星光,1.62,5.53,0.41,-8.59,0.11,7.73,25.42,2.4,2.96,21.0,2.4,2.52,19.24,-1.42,-0.77,109.22,132.23,62.89,20.81,25.45,12.11,,,False,False,False,False,False,False,False,2026-05-28 13:35:37,ok,,ok,,ok,,ok,,ok,,ok,FINMIND_TOKEN,eyJ0...E3S4,620,6000,5380,2026-05-28 13:35:40
4991,環宇-KY,1.67,2.53,0.24,-27.84,10.54,67.92,54.53,1.34,18.25,25.49,4.35,17.67,27.44,17.6,44.13,291.32,4960.0,265.29,19.99,26.11,13.69,,,False,False,False,False,False,False,False,2026-05-28 13:35:40,ok,,ok,,ok,,ok,,ok,,ok,FINMIND_TOKEN,eyJ0...E3S4,620,6000,5380,2026-05-28 13:35:43
5274,信驊,37.41,117.87,1.28,3.53,42.06,81.59,69.18,0.73,2.95,52.72,2.88,2.99,44.94,-4.08,2.0,151.32,179.95,102.96,113.11,115.61,53.43,,,False,False,False,False,False,False,False,2026-05-28 13:35:43,ok,,ok,,ok,,ok,,ok,,ok,FINMIND_TOKEN,eyJ0...E3S4,620,6000,5380,2026-05-28 13:35:46
5289,宜鼎,57.49,75.64,6.67,17.6,100.24,583.11,59.1,25.87,28.52,51.96,32.18,37.95,41.55,23.39,28.88,22.86,73.66,22.52,11.29,17.19,9.1,,,False,False,False,False,False,False,False,2026-05-28 13:35:46,ok,,ok,,ok,,ok,,ok,,ok,FINMIND_TOKEN,eyJ0...E3S4,620,6000,5380,2026-05-28 13:35:49
5347,世界,1.22,4.21,4.03,-18.5,0.37,9.58,29.29,1.78,-0.81,16.65,2.3,-2.08,17.27,4.04,-2.87,38.92,43.14,25.58,4.41,5.42,3.22,,,False,False,False,False,False,False,False,2026-05-28 13:35:49,ok,,ok,,ok,,ok,,ok,,ok,FINMIND_TOKEN,eyJ0...E3S4,620,6000,5380,2026-05-28 13:35:52
5443,均豪,0.19,2.33,0.42,4.24,56.71,24.44,38.34,5.35,0.53,10.41,-1.56,-1.23,9.05,-2.14,-1.61,53.51,57.89,38.46,1.62,2.52,1.54,,,False,False,False,False,False,False,False,2026-05-28 13:35:52,ok,,ok,,ok,,ok,,ok,,ok,FINMIND_TOKEN,eyJ0...E3S4,620,6000,5380,2026-05-28 13:35:55
5536,聖暉*,12.76,36.0,4.09,-21.27,11.51,15.17,25.38,4.95,7.42,19.82,5.86,7.86,15.71,4.11,5.47,28.75,35.54,24.21,9.8,10.51,6.51,,,False,False,False,False,False,False,False,2026-05-28 13:35:55,ok,,ok,,ok,,ok,,ok,,ok,FINMIND_TOKEN,eyJ0...E3S4,620,6000,5380,2026-05-28 13:35:58
6005,群益證,1.34,3.58,4.65,145.33,55.64,301.6,,,,31.15,7.72,16.76,43.5,8.62,18.5,10.06,12.22,8.53,1.63,1.63,1.31,,,False,False,False,False,False,False,False,2026-05-28 13:35:58,incomplete,profit:incomplete(partial),ok,,ok,,incomplete,partial,ok,,ok,FINMIND_TOKEN,eyJ0...E3S4,620,6000,5380,2026-05-28 13:36:01
6139,亞翔,9.45,36.14,8.54,2.32,30.06,70.59,18.73,-0.87,6.83,17.21,1.38,7.78,14.67,-1.44,5.95,21.43,24.74,17.03,8.31,9.08,6.25,,,False,False,False,False,False,False,False,2026-05-28 13:36:01,ok,,ok,,ok,,ok,,ok,,ok,FINMIND_TOKEN,eyJ0...E3S4,620,6000,5380,2026-05-28 13:36:04
6187,萬潤,3.37,15.26,0.61,15.5,56.95,26.14,51.78,-9.25,-8.66,23.22,-2.08,-10.52,22.67,-15.02,-4.82,82.17,89.91,52.39,17.57,18.33,10.68,,,False,False,False,False,False,False,False,2026-05-28 13:36:04,ok,,ok,,ok,,ok,,ok,,ok,FINMIND_TOKEN,eyJ0...E3S4,620,6000,5380,2026-05-28 13:36:07
6196,帆宣,5.08,16.1,6.63,22.06,40.73,46.34,13.57,3.02,2.55,8.25,3.81,2.52,7.75,2.6,1.12,31.59,32.23,18.45,6.26,6.38,3.71,,,False,False,False,False,False,False,False,2026-05-28 13:36:07,ok,,ok,,ok,,ok,,ok,,ok,FINMIND_TOKEN,eyJ0...E3S4,620,6000,5380,2026-05-28 13:36:10
6197,佳必琪,3.21,10.25,0.81,12.35,4.82,5.26,35.77,-1.16,2.52,22.63,1.58,4.76,20.24,2.18,7.03,27.56,28.09,18.17,7.56,7.56,3.83,,,False,False,False,False,False,False,False,2026-05-28 13:36:10,ok,,ok,,ok,,ok,,ok,,ok,FINMIND_TOKEN,eyJ0...E3S4,620,6000,5380,2026-05-28 13:36:13
6213,聯茂,0.87,4.1,3.51,4.27,11.06,13.78,11.42,-2.72,-2.82,4.64,-2.4,-2.24,3.44,-1.36,-1.0,63.81,73.47,35.7,4.5,5.18,2.54,,,False,False,False,False,False,False,False,2026-05-28 13:36:13,ok,,ok,,ok,,ok,,ok,,ok,FINMIND_TOKEN,eyJ0...E3S4,620,6000,5380,2026-05-28 13:36:16
6217,中探針,0.11,-0.78,0.36,0.06,-14.78,22.24,23.3,6.79,4.81,0.92,9.18,14.54,1.26,5.7,12.36,0.0,0.0,0.0,10.61,13.36,6.41,2026-05-20,2026-06-02,False,False,False,False,False,False,False,2026-05-28 13:36:17,ok,,ok,,ok,,ok,,ok,,ok,FINMIND_TOKEN,eyJ0...E3S4,620,6000,5380,2026-05-28 13:36:20
6223,旺矽,12.53,38.34,1.49,7.02,21.06,52.6,59.45,5.67,2.06,32.37,7.36,2.66,31.21,6.5,5.65,157.48,170.8,107.35,36.78,39.74,24.16,,,False,False,False,False,False,False,False,2026-05-28 13:36:20,ok,,ok,,ok,,ok,,ok,,ok,FINMIND_TOKEN,eyJ0...E3S4,620,6000,5380,2026-05-28 13:36:23
6243,迅杰,-0.03,-0.85,0.03,-20.93,-20.24,-59.19,59.76,17.67,18.03,-18.02,-3.55,-20.01,-1.66,5.96,-10.01,0.0,0.0,0.0,1.98,2.14,1.66,,,False,False,False,False,False,False,False,2026-05-28 13:36:23,ok,,ok,,ok,,ok,,ok,,ok,FINMIND_TOKEN,eyJ0...E3S4,620,6000,5380,2026-05-28 13:36:26
6274,台燿,4.36,14.06,4.61,21.91,30.48,95.61,25.15,3.07,1.09,18.18,4.04,3.5,12.53,0.66,1.98,111.27,117.77,46.91,24.62,26.06,8.83,,,False,False,False,False,False,False,False,2026-05-28 13:36:26,ok,,ok,,ok,,ok,,ok,,ok,FINMIND_TOKEN,eyJ0...E3S4,620,6000,5380,2026-05-28 13:36:28
6278,台表科,2.17,8.68,4.51,6.91,-1.05,3.91,11.31,-1.75,-2.05,5.77,-0.7,-1.8,5.0,-1.04,-1.79,25.4,28.14,9.85,2.89,3.2,1.18,,,False,False,False,False,False,False,False,2026-05-28 13:36:29,ok,,ok,,ok,,ok,,ok,,ok,FINMIND_TOKEN,eyJ0...E3S4,620,6000,5380,2026-05-28 13:36:31
6282,康舒,0.27,0.5,3.15,0.19,16.37,34.61,24.39,-2.19,-1.2,2.93,-0.97,3.39,2.7,-2.5,3.34,115.4,307.78,99.2,2.19,2.4,1.62,,,False,False,False,False,False,False,False,2026-05-28 13:36:32,ok,,ok,,ok,,ok,,ok,,ok,FINMIND_TOKEN,eyJ0...E3S4,620,6000,5380,2026-05-28 13:36:35
6285,啟碁,2.36,6.84,11.4,5.11,12.48,15.65,13.76,-0.33,1.56,4.67,0.61,0.99,3.88,0.23,0.65,44.84,45.94,26.86,4.2,4.31,2.4,,,False,False,False,False,False,False,False,2026-05-28 13:36:35,ok,,ok,,ok,,ok,,ok,,ok,FINMIND_TOKEN,eyJ0...E3S4,620,6000,5380,2026-05-28 13:36:37
6412,群電,1.01,5.2,2.64,-8.54,-5.22,-11.89,15.94,-0.23,-1.35,4.29,-0.69,-2.52,5.19,-0.82,0.42,19.0,20.0,13.9,2.73,2.88,1.9,,,False,False,False,False,False,False,False,2026-05-28 13:36:38,ok,,ok,,ok,,ok,,ok,,ok,FINMIND_TOKEN,eyJ0...E3S4,620,6000,5380,2026-05-28 13:36:41
6414,樺漢,5.15,22.39,14.56,-3.87,26.42,22.14,20.11,-0.52,-1.41,5.37,-2.55,0.96,4.96,-0.27,-0.48,16.38,16.89,12.21,1.95,2.01,1.42,,,False,False,False,False,False,False,False,2026-05-28 13:36:41,ok,,ok,,ok,,ok,,ok,,ok,FINMIND_TOKEN,eyJ0...E3S4,620,6000,5380,2026-05-28 13:36:44
6442,光聖,7.82,27.04,0.89,-12.49,-7.13,-16.21,55.41,-2.16,5.99,26.4,-0.53,8.24,22.41,-1.97,7.15,71.48,103.72,65.64,20.94,26.96,19.22,,,False,False,False,False,False,False,False,2026-05-28 13:36:44,ok,,ok,,ok,,ok,,ok,,ok,FINMIND_TOKEN,eyJ0...E3S4,620,6000,5380,2026-05-28 13:36:47
6451,訊芯-KY,-1.45,-0.14,0.64,11.8,4.07,-2.79,11.96,-8.85,5.76,-5.18,-14.24,1.45,-9.48,-15.12,-3.26,0.0,2003.85,0.0,8.62,9.57,4.81,,,False,False,False,False,False,False,False,2026-05-28 13:36:47,ok,,ok,,ok,,ok,,ok,,ok,FINMIND_TOKEN,eyJ0...E3S4,620,6000,5380,2026-05-28 13:36:51
6510,精測,10.43,34.09,0.52,7.33,15.21,30.22,56.77,0.77,2.99,29.26,2.55,7.56,24.97,1.29,6.06,96.22,138.11,93.72,10.97,15.7,10.68,,,False,False,False,False,False,False,False,2026-05-28 13:36:51,ok,,ok,,ok,,ok,,ok,,ok,FINMIND_TOKEN,eyJ0...E3S4,620,6000,5380,2026-05-28 13:36:54
6515,穎崴,19.54,49.26,0.99,-19.01,11.69,50.51,43.01,1.31,-5.76,26.06,4.81,-5.61,23.44,1.8,-3.24,186.89,232.55,142.29,50.59,60.36,36.93,,,False,False,False,False,False,False,False,2026-05-28 13:36:54,ok,,ok,,ok,,ok,,ok,,ok,FINMIND_TOKEN,eyJ0...E3S4,620,6000,5380,2026-05-28 13:36:57
6526,達發,4.47,17.43,2.03,11.73,10.41,14.31,52.73,-0.9,1.04,14.96,4.48,0.85,13.67,1.95,0.07,37.89,43.48,26.79,6.17,7.01,4.02,,,False,False,False,False,False,False,False,2026-05-28 13:36:57,ok,,ok,,ok,,ok,,ok,,ok,FINMIND_TOKEN,eyJ0...E3S4,620,6000,5380,2026-05-28 13:37:00
6531,愛普*,4.15,9.84,0.8,-1.32,31.08,92.88,46.19,-3.67,-0.29,28.01,-2.63,10.05,31.43,-8.71,-4.06,111.28,124.84,56.92,15.09,15.64,5.85,,,False,False,False,False,False,False,False,2026-05-28 13:37:00,ok,,ok,,ok,,ok,,ok,,ok,FINMIND_TOKEN,eyJ0...E3S4,620,6000,5380,2026-05-28 13:37:03
6640,均華,5.19,16.3,0.33,11.36,44.61,142.34,44.9,6.56,5.75,21.67,7.67,9.35,17.71,3.82,7.9,83.23,138.04,77.64,11.7,20.26,10.91,,,False,False,False,False,False,False,False,2026-05-28 13:37:03,ok,,ok,,ok,,ok,,ok,,ok,FINMIND_TOKEN,eyJ0...E3S4,620,6000,5380,2026-05-28 13:37:06
6643,M31,-1.18,0.04,0.17,40.45,53.51,30.74,100.0,0.0,0.0,-16.79,-34.17,-18.55,-12.48,-30.72,-16.98,14075.0,17425.0,268.64,13.06,16.16,9.98,,,False,False,False,False,False,False,False,2026-05-28 13:37:06,ok,,ok,,ok,,ok,,ok,,ok,FINMIND_TOKEN,eyJ0...E3S4,620,6000,5380,2026-05-28 13:37:09
6664,群翊,3.73,14.57,0.24,0.41,5.53,9.66,48.23,-1.86,-12.41,32.57,3.24,-10.09,33.95,-2.25,-10.83,30.31,32.06,19.49,6.94,7.34,4.2,,,False,False,False,False,False,False,False,2026-05-28 13:37:09,ok,,ok,,ok,,ok,,ok,,ok,FINMIND_TOKEN,eyJ0...E3S4,620,6000,5380,2026-05-28 13:37:12
6669,緯穎,75.95,298.31,82.73,-16.14,-0.59,29.67,7.55,0.32,-1.15,6.31,0.68,-0.71,5.1,0.38,-0.64,16.59,19.41,12.0,6.56,7.68,4.92,,,False,False,False,False,False,False,False,2026-05-28 13:37:13,ok,,ok,,ok,,ok,,ok,,ok,FINMIND_TOKEN,eyJ0...E3S4,620,6000,5380,2026-05-28 13:37:16
6672,騰輝電子-KY,1.73,5.53,0.51,6.1,24.46,36.93,34.02,1.91,-0.09,11.67,0.9,3.03,9.92,0.99,2.59,38.88,46.6,25.88,4.14,4.52,2.51,,,False,False,False,False,False,False,False,2026-05-28 13:37:16,ok,,ok,,ok,,ok,,ok,,ok,FINMIND_TOKEN,eyJ0...E3S4,620,6000,5380,2026-05-28 13:37:19
6683,雍智科技,6.23,17.89,0.22,-1.23,-1.18,20.97,48.8,-0.7,2.5,27.25,1.24,4.23,25.5,0.47,3.02,96.32,166.34,88.85,16.16,25.96,13.86,,,False,False,False,False,False,False,False,2026-05-28 13:37:19,ok,,ok,,ok,,ok,,ok,,ok,FINMIND_TOKEN,eyJ0...E3S4,620,6000,5380,2026-05-28 13:37:22
6691,洋基工程,7.19,27.0,2.86,1.81,20.79,66.7,18.39,-1.08,-2.8,15.74,-1.4,-2.52,12.43,-1.61,-2.7,23.64,27.64,22.42,12.92,13.65,8.82,,,False,False,False,False,False,False,False,2026-05-28 13:37:22,ok,,ok,,ok,,ok,,ok,,ok,FINMIND_TOKEN,eyJ0...E3S4,620,6000,5380,2026-05-28 13:37:25
6693,廣閎科,1.17,1.36,0.2,5.68,21.64,85.7,28.75,-0.26,3.18,10.68,0.55,19.66,10.2,-0.97,14.25,111.94,120.9,0.0,5.94,6.63,4.38,,,False,False,False,False,False,False,False,2026-05-28 13:37:25,ok,,ok,,ok,,ok,,ok,,ok,FINMIND_TOKEN,eyJ0...E3S4,620,6000,5380,2026-05-28 13:37:28
6789,采鈺,1.5,4.66,0.77,-5.89,0.18,-0.62,32.24,5.64,7.77,22.83,4.24,9.52,20.26,3.43,7.87,112.69,152.75,76.0,8.81,10.56,5.25,,,False,False,False,False,False,False,False,2026-05-28 13:37:28,ok,,ok,,ok,,ok,,ok,,ok,FINMIND_TOKEN,eyJ0...E3S4,620,6000,5380,2026-05-28 13:37:31
6805,富世達,13.38,39.18,1.35,-15.44,-3.65,59.05,32.31,3.26,10.17,26.78,4.92,10.54,21.92,3.02,6.09,45.05,71.45,43.9,16.3,21.11,15.88,,,False,False,False,False,False,False,False,2026-05-28 13:37:31,ok,,ok,,ok,,ok,,ok,,ok,FINMIND_TOKEN,eyJ0...E3S4,620,6000,5380,2026-05-28 13:37:34
7711,永擎,7.68,20.72,1.64,-53.84,-65.99,,12.39,2.32,-1.84,7.81,2.78,1.62,6.07,2.79,0.63,32.68,42.05,22.68,5.53,7.11,3.75,,,False,False,False,False,False,False,False,2026-05-28 13:37:34,ok,,ok,,ok,,ok,,ok,,ok,FINMIND_TOKEN,eyJ0...E3S4,620,6000,5380,2026-05-28 13:37:37
7717,萊德光電-KY,1.57,6.41,0.09,17.61,-4.12,,57.52,-9.12,-3.85,22.08,-2.83,2.24,15.01,-5.2,1.19,106.08,150.73,102.36,14.71,22.92,14.2,,,False,False,False,False,False,False,False,2026-05-28 13:37:37,ok,,ok,,ok,,ok,,ok,,ok,FINMIND_TOKEN,eyJ0...E3S4,620,6000,5380,2026-05-28 13:37:39
7734,印能科技,14.68,39.56,0.39,34.97,29.28,58.9,65.25,0.05,-6.64,52.99,14.45,-2.1,47.37,8.29,0.02,93.46,115.97,60.45,14.87,17.73,8.73,,,False,False,False,False,False,False,False,2026-05-28 13:37:40,ok,,ok,,ok,,ok,,ok,,ok,FINMIND_TOKEN,eyJ0...E3S4,620,6000,5380,2026-05-28 13:37:42
7769,鴻勁,25.7,85.52,4.36,1.73,30.59,,56.24,3.93,-2.85,49.98,5.74,-3.01,43.12,3.11,-0.31,96.08,99.99,51.01,22.09,22.66,10.87,,,False,False,False,False,False,False,False,2026-05-28 13:37:43,ok,,ok,,ok,,ok,,ok,,ok,FINMIND_TOKEN,eyJ0...E3S4,620,6000,5380,2026-05-28 13:37:45
7792,安葆,1.71,8.47,0.34,-44.55,-25.39,,15.13,0.62,-0.37,8.27,-0.22,-1.85,5.71,-0.52,-1.89,32.57,43.0,32.57,3.88,6.17,3.88,,,False,False,False,False,False,False,False,2026-05-28 13:37:46,ok,,ok,,ok,,ok,,ok,,ok,FINMIND_TOKEN,eyJ0...E3S4,620,6000,5380,2026-05-28 13:37:48
7828,創新服務,1.02,7.33,0.13,104.16,,,80.18,0.82,-0.08,25.3,-25.81,-11.77,24.5,-20.36,-12.42,207.1,251.21,156.8,48.51,52.15,34.32,,,False,False,False,False,False,False,False,2026-05-28 13:37:49,ok,,ok,,ok,,ok,,ok,,ok,FINMIND_TOKEN,eyJ0...E3S4,620,6000,5380,2026-05-28 13:37:51
7856,漢測,9.35,28.04,0.34,-27.32,58.86,,55.3,16.06,,32.76,21.21,,25.79,15.2,,,,,,,,,,False,False,False,False,False,False,False,2026-05-28 13:37:51,partial_ok,no_data:valuation,ok,,ok,,ok,,no_data,empty,ok,FINMIND_TOKEN,eyJ0...E3S4,620,6000,5380,2026-05-28 13:37:54
7899,景美,1.53,1.53,0.07,0.34,12.17,,34.03,-8.51,-1.05,7.31,-11.5,-4.74,5.08,-5.12,-3.99,,,,,,,,,False,False,False,False,False,False,False,2026-05-28 13:37:54,partial_ok,no_data:valuation,ok,,ok,,ok,,no_data,empty,ok,FINMIND_TOKEN,eyJ0...E3S4,620,6000,5380,2026-05-28 13:37:57
8021,尖點,1.17,3.55,0.52,10.97,15.84,63.18,36.59,1.75,10.78,20.12,0.91,11.97,14.14,0.78,7.97,119.77,172.08,88.5,11.27,13.89,7.14,2026-05-26,2026-06-08,False,False,False,False,False,False,False,2026-05-28 13:37:57,ok,,ok,,ok,,ok,,ok,,ok,FINMIND_TOKEN,eyJ0...E3S4,620,6000,5380,2026-05-28 13:38:00
8027,鈦昇,-0.22,-0.57,0.16,8.03,54.09,24.85,29.75,-5.87,-1.74,-17.94,-27.11,6.05,-6.2,-15.49,13.6,0.0,0.0,0.0,9.42,10.41,5.43,2026-05-25,2026-06-05,False,False,False,False,False,False,False,2026-05-28 13:38:00,ok,,ok,,ok,,ok,,ok,,ok,FINMIND_TOKEN,eyJ0...E3S4,620,6000,5380,2026-05-28 13:38:03
8028,昇陽半導體,1.61,4.65,0.47,-2.05,10.73,31.15,37.58,4.16,0.25,25.5,4.01,1.5,21.97,3.54,0.64,74.0,74.0,39.35,11.05,11.05,5.83,,,False,False,False,False,False,False,False,2026-05-28 13:38:03,ok,,ok,,ok,,ok,,ok,,ok,FINMIND_TOKEN,eyJ0...E3S4,620,6000,5380,2026-05-28 13:38:06
8046,南電,2.03,4.72,4.45,3.73,19.63,39.47,15.85,3.33,10.76,12.1,3.47,11.71,11.71,0.95,9.26,180.08,333.89,166.53,11.76,14.08,7.31,,,False,False,False,False,False,False,False,2026-05-28 13:38:06,ok,,ok,,ok,,ok,,ok,,ok,FINMIND_TOKEN,eyJ0...E3S4,620,6000,5380,2026-05-28 13:38:09
8155,博智,3.29,8.89,0.54,0.71,3.92,29.3,24.05,-0.09,8.43,14.07,0.03,7.74,12.7,-1.33,6.81,47.24,66.35,34.67,6.33,8.18,4.27,,,False,False,False,False,False,False,False,2026-05-28 13:38:09,ok,,ok,,ok,,ok,,ok,,ok,FINMIND_TOKEN,eyJ0...E3S4,620,6000,5380,2026-05-28 13:38:12
8299,群聯,68.8,105.23,20.21,10.32,93.34,236.63,61.82,19.94,30.65,36.23,21.6,27.84,37.04,16.74,28.8,23.44,56.93,21.67,7.31,8.67,5.44,,,False,False,False,False,False,False,False,2026-05-28 13:38:12,ok,,ok,,ok,,ok,,ok,,ok,FINMIND_TOKEN,eyJ0...E3S4,620,6000,5380,2026-05-28 13:38:15
8358,金居,2.06,5.22,0.9,4.66,9.79,35.81,28.71,2.53,7.71,25.63,3.12,7.94,20.52,3.09,5.18,106.14,111.4,54.63,17.14,17.35,7.73,2026-05-15,2026-05-28,False,False,False,False,False,False,False,2026-05-28 13:38:15,ok,,ok,,ok,,ok,,ok,,ok,FINMIND_TOKEN,eyJ0...E3S4,620,6000,5380,2026-05-28 13:38:18
8996,高力,6.54,14.16,0.95,-25.48,-21.98,86.03,29.02,2.17,-1.01,20.71,5.72,5.8,17.69,3.91,4.55,78.1,138.58,70.9,21.93,27.55,18.65,,,False,False,False,False,False,False,False,2026-05-28 13:38:18,ok,,ok,,ok,,ok,,ok,,ok,FINMIND_TOKEN,eyJ0...E3S4,620,6000,5380,2026-05-28 13:38:21
